{"0": [0.9632981899999998, 0.7136288450000001, 1.9817771899999999], "1": [1.107421, 0.8352809149999999, 2.19842186], "2": [1.051964985, 0.7414249599999999, 2.134020005], "3": [0.90897132, 0.738931525, 2.24773888], "4": [0.942159235, 0.7322307299999999, 1.724695815], "5": [0.9474815749999999, 0.89117324, 1.858441315], "6": [1.00949707, 0.72244968, 2.19623657], "7": [0.944831655, 0.718985865, 1.949793545], "8": [0.9797444150000001, 0.825776405, 2.2137257399999997], "9": [1.05457397, 0.9467736800000001, 2.396790775], "10": [0.9306240100000001, 0.7779002550000002, 1.870461885], "11": [0.96996384, 0.72374977, 1.79419418], "12": [0.95508354, 0.7606044399999999, 1.8846455400000002], "13": [1.00134636, 0.794314865, 2.041832045], "14": [0.9405763250000001, 0.72577158, 1.9684198000000002], "15": [0.86639252, 0.7552054050000001, 2.138031315], "16": [0.9436828650000001, 0.6797149650000001, 2.15702667], "17": [1.0505274800000002, 0.755187425, 2.613266945], "18": [1.1874128, 0.83430786, 2.651320955], "19": [1.074316405, 0.769780235, 2.494289855], "20": [1.05809052, 0.7118933849999999, 2.487118835], "21": [0.99840698, 0.71926383, 2.242857815], "22": [1.04000145, 0.746722305, 2.40301361], "23": [1.191761245, 0.8343393349999999, 2.779609375], "24": [1.006286735, 0.72953824, 2.2549543799999996], "25": [1.03298683, 0.745325545, 2.4731579549999996], "26": [0.993705025, 0.73760435, 2.260355375], "27": [0.983911745, 0.8010069300000001, 2.5674130249999996], "28": [1.06183548, 0.7393771749999999, 2.486589355], "29": [0.9123247449999999, 0.73765439, 2.29781015], "30": [1.029463195, 0.7485418699999999, 2.273908155], "31": [1.0438732899999998, 0.7366547800000001, 2.41565155], "32": [1.20607063, 0.84150093, 2.7963800049999996], "33": [1.03924639, 0.70758189, 2.409076415], "34": [1.00701599, 0.7330542950000001, 2.38695633], "35": [1.0113480400000001, 0.760608445, 2.4234931950000003], "36": [1.02196514, 0.7210548449999998, 2.34112777], "37": [1.04407776, 0.735242425, 2.498537445], "38": [0.8905402800000001, 0.7124821149999999, 2.12523112], "39": [0.959388005, 0.70339981, 2.45490692], "40": [1.06404606, 0.710192455, 2.4109755699999997], "41": [0.9869781850000001, 0.7448342199999999, 2.41504672], "42": [0.9850992550000001, 0.763697435, 2.315551755], "43": [1.012997245, 0.7285227599999999, 2.411222225], "44": [0.8665149299999999, 0.70484667, 2.20135353], "45": [1.13473343, 0.876485215, 2.40518509], "46": [1.0678626249999998, 0.8982450900000001, 2.404490055], "47": [1.13261795, 0.91300072, 2.642370605], "48": [1.12635414, 0.88069916, 2.527064895], "49": [0.9579540249999999, 0.8225663299999999, 2.082297365], "50": [1.141249695, 0.871034545, 2.42393944], "51": [1.1369170750000002, 0.9121536650000001, 2.67260696], "52": [1.01158966, 0.84216837, 2.237540285], "53": [1.00638557, 0.8449507900000001, 2.26701233], "54": [1.08348011, 0.9254894300000001, 2.417293545], "55": [0.9441433699999999, 0.9316225850000001, 2.524690245], "56": [1.050550005, 0.8534145000000001, 2.257372895], "57": [0.9437686149999999, 0.9316225850000001, 2.5256304949999997], "58": [0.8889313799999999, 0.83441705, 2.179602125], "59": [1.021995805, 0.8518500499999999, 2.23406461], "60": [1.11875465, 0.89044697, 2.43236145], "61": [1.04746582, 0.8500468449999999, 2.26505402], "62": [1.0735009, 0.914662095, 2.326362305], "63": [1.0004706250000002, 0.87646063, 2.211697665], "64": [1.040797865, 0.87943635, 2.282441315], "65": [1.048445665, 0.849516715, 2.32331192], "66": [1.0835810449999999, 0.8120470399999999, 2.531510925], "67": [0.9297848500000001, 0.78797222, 1.996817015], "68": [0.999731295, 0.84199806, 2.141316985], "69": [1.141052855, 0.9139129249999999, 2.5189808649999996], "70": [1.091564025, 0.8702596650000001, 2.4774002050000004], "71": [1.085014265, 0.879189415, 2.41231895], "72": [1.053022615, 0.839972345, 2.366754305], "73": [1.0007104150000001, 0.82414761, 2.08551117], "74": [1.0420876350000001, 0.84661125, 2.2799122599999997], "75": [1.065111465, 0.83470737, 2.244401475], "76": [1.128580245, 0.869005665, 2.347976685], "77": [0.93265957, 0.8717143150000001, 2.26743584], "78": [1.0462940600000001, 0.908272345, 2.302528305]}